,sex,league,position,age,salary,height,weight,topspeed,careergoals
sex,0.0,1.364824262491386,3.476415599754488e-05,7.924552047041048e-05,0.10206718965999133,0.3383322739527336,1.9196976500305898,3.932475548799471,3.817763897530849e-05
league,1.364824262491386,0.0,0.5336164198177431,0.12923343461140618,2.7903310589461574,7.826027182861757e-05,0.03492988079025766,0.22042094924661582,0.8772843960787483
position,3.476415599754488e-05,0.5336164198177431,0.0,0.8741484162414677,6.254310384348856e-05,1.3297724621345504,0.2842660019400114,1.1121215357422425,5.118173278720932
age,7.924552047041048e-05,0.12923343461140618,0.8741484162414677,0.0,0.1177035435537158,0.031233780363499098,0.09706688527832127,0.2887275162416921,0.4416320395733535
salary,0.10206718965999133,2.7903310589461574,6.254310384348856e-05,0.1177035435537158,0.0,0.2380449691864721,0.1346216869630659,0.9213595650575329,0.2544199891757882
height,0.3383322739527336,7.826027182861757e-05,1.3297724621345504,0.031233780363499098,0.2380449691864721,0.0,2.477369582470314,5.953650161170184e-05,5.4407101339281065e-05
weight,1.9196976500305898,0.03492988079025766,0.2842660019400114,0.09706688527832127,0.1346216869630659,2.477369582470314,0.0,5.3482272473491856e-05,0.30212002136044797
topspeed,3.932475548799471,0.22042094924661582,1.1121215357422425,0.2887275162416921,0.9213595650575329,5.953650161170184e-05,5.3482272473491856e-05,0.0,0.2931531982138469
careergoals,3.817763897530849e-05,0.8772843960787483,5.118173278720932,0.4416320395733535,0.2544199891757882,5.4407101339281065e-05,0.30212002136044797,0.2931531982138469,0.0
